﻿<?xml version="1.0" encoding="utf-8"?>

<DMX_CONTROL version="1.66">

  <!-- ********************************************************************************************* -->
  <event type="NORMAL_CONDITION_1" continuous="yes">

    <!-- steady soft white light -->
    <timeblock mseconds="1000">
    </timeblock>
  </event>

  <!-- ********************************************************************************************* -->
  <event type="PLAYER_SHIELDS_ON" continuous="yes">

    <!-- steady blue light -->
    <timeblock mseconds="1000">
      <setvalue index="0" value="0" change="0"/>
      <!-- red   value of first light box -->
      <setvalue index="1" value="0" change="0"/>
      <!-- green value of first light box -->
      <setvalue index="2" value="200" change="0"/>
      <!-- blue  value of first light box -->
    </timeblock>
  </event>

  <!-- ********************************************************************************************* -->
  <event type="TRACTORED_FOR_DOCKED" continuous="yes">

    <!-- steady yellow light -->
    <timeblock mseconds="1000">
      <setvalue index="0" value="200" change="0"/>
      <!-- red   value of first light box -->
      <setvalue index="1" value="200" change="0"/>
      <!-- green value of first light box -->
      <setvalue index="2" value="0" change="0"/>
      <!-- blue  value of first light box -->
    </timeblock>
  </event>

  <!-- ********************************************************************************************* -->
  <event type="COMPLETELY_DOCKED" continuous="yes">

    <!-- steady green light -->
    <timeblock mseconds="1000">
      <setvalue index="0" value="0" change="0"/>
      <!-- red   value of first light box -->
      <setvalue index="1" value="200" change="0"/>
      <!-- green value of first light box -->
      <setvalue index="2" value="0" change="0"/>
      <!-- blue  value of first light box -->
    </timeblock>
  </event>

  <!-- ********************************************************************************************* -->
  <event type="RED_ALERT" continuous="yes">

    <!-- steady red light -->
    <timeblock mseconds="2000">
      <setvalue index="0" value="200" change="-90"/>
      <!-- red   value of first light box -->
      <setvalue index="1" value="0" change="0"/>
      <!-- green value of first light box -->
      <setvalue index="2" value="0" change="0"/>
      <!-- blue  value of first light box -->
    </timeblock>
    <timeblock mseconds="2000">
      <setvalue index="0" value="0" change="30"/>
      <!-- red   value of first light box -->
      <setvalue index="1" value="0" change="0"/>
      <!-- green value of first light box -->
      <setvalue index="2" value="0" change="0"/>
      <!-- blue  value of first light box -->
    </timeblock>
  </event>

  <!-- ********************************************************************************************* -->
  <event type="SHIP_DAMAGE_20" continuous="yes">
    <!-- flicker the light of the first light box -->
    <timeblock mseconds="60">
      <setvalue index="0" value="0" change="0"/>      <!-- red   value of first light box -->
      <setvalue index="1" value="0" change="0"/>      <!-- green value of first light box -->
      <setvalue index="2" value="0" change="0"/>      <!-- blue  value of first light box -->
    </timeblock>
    <timeblock mseconds="600">
    </timeblock>
    <timeblock mseconds="81">
      <setvalue index="0" value="0" change="0"/>      <!-- red   value of first light box -->
      <setvalue index="1" value="0" change="0"/>      <!-- green value of first light box -->
      <setvalue index="2" value="0" change="0"/>      <!-- blue  value of first light box -->
    </timeblock>
    <timeblock mseconds="450">
    </timeblock>
    <timeblock mseconds="81">
      <setvalue index="0" value="0" change="0"/>      <!-- red   value of first light box -->
      <setvalue index="1" value="0" change="0"/>      <!-- green value of first light box -->
      <setvalue index="2" value="0" change="0"/>      <!-- blue  value of first light box -->
    </timeblock>
    <timeblock mseconds="4501">
    </timeblock>

  </event>


  <!-- ********************************************************************************************* -->
  <event type="SHIP_DAMAGE_40" continuous="yes">
    <!-- flicker the light of the first light box -->
    <timeblock mseconds="60">
      <setvalue index="0" value="0" change="0"/>      <!-- red   value of first light box -->
      <setvalue index="1" value="0" change="0"/>      <!-- green value of first light box -->
      <setvalue index="2" value="0" change="0"/>      <!-- blue  value of first light box -->
    </timeblock>
    <timeblock mseconds="200">
    </timeblock>
    <timeblock mseconds="81">
      <setvalue index="0" value="0" change="0"/>      <!-- red   value of first light box -->
      <setvalue index="1" value="0" change="0"/>      <!-- green value of first light box -->
      <setvalue index="2" value="0" change="0"/>      <!-- blue  value of first light box -->
    </timeblock>
    <timeblock mseconds="550">
    </timeblock>
    <timeblock mseconds="81">
      <setvalue index="0" value="0" change="0"/>      <!-- red   value of first light box -->
      <setvalue index="1" value="0" change="0"/>      <!-- green value of first light box -->
      <setvalue index="2" value="0" change="0"/>      <!-- blue  value of first light box -->
    </timeblock>
    <timeblock mseconds="4501">
    </timeblock>

  </event>


  <!-- ********************************************************************************************* -->
  <event type="SHIP_DAMAGE_60" continuous="yes">
    <!-- flicker the light of the first light box -->
    <timeblock mseconds="60">
      <setvalue index="0" value="0" change="0"/>      <!-- red   value of first light box -->
      <setvalue index="1" value="0" change="0"/>      <!-- green value of first light box -->
      <setvalue index="2" value="0" change="0"/>      <!-- blue  value of first light box -->
    </timeblock>
    <timeblock mseconds="733">
    </timeblock>
    <timeblock mseconds="81">
      <setvalue index="0" value="0" change="0"/>      <!-- red   value of first light box -->
      <setvalue index="1" value="0" change="0"/>      <!-- green value of first light box -->
      <setvalue index="2" value="0" change="0"/>      <!-- blue  value of first light box -->
    </timeblock>
    <timeblock mseconds="1450">
    </timeblock>
    <timeblock mseconds="81">
      <setvalue index="0" value="0" change="0"/>      <!-- red   value of first light box -->
      <setvalue index="1" value="0" change="0"/>      <!-- green value of first light box -->
      <setvalue index="2" value="0" change="0"/>      <!-- blue  value of first light box -->
    </timeblock>
    <timeblock mseconds="1001">
    </timeblock>

  </event>

  <!-- ********************************************************************************************* -->
  <event type="SOMETHING_HITS_PLAYER">

    <!-- flicker the light of the first light box -->
    <timeblock mseconds="60">
      <setvalue index="0" value="0" change="0"/>      <!-- red   value of first light box -->
      <setvalue index="1" value="0" change="0"/>      <!-- green value of first light box -->
      <setvalue index="2" value="0" change="0"/>      <!-- blue  value of first light box -->
    </timeblock>
    <timeblock mseconds="60">
      <setvalue index="0" value="255" change="0"/>      <!-- red   value of first light box -->
      <setvalue index="1" value="255" change="0"/>      <!-- green value of first light box -->
      <setvalue index="2" value="255" change="0"/>      <!-- blue  value of first light box -->
    </timeblock>
    <timeblock mseconds="60">
      <setvalue index="0" value="0" change="0"/>      <!-- red   value of first light box -->
      <setvalue index="1" value="0" change="0"/>      <!-- green value of first light box -->
      <setvalue index="2" value="0" change="0"/>      <!-- blue  value of first light box -->
    </timeblock>
    <timeblock mseconds="60">
      <setvalue index="0" value="255" change="0"/>      <!-- red   value of first light box -->
      <setvalue index="1" value="255" change="0"/>     <!-- green value of first light box -->
      <setvalue index="2" value="255" change="0"/>      <!-- blue  value of first light box -->
    </timeblock>
    <timeblock mseconds="60">
      <setvalue index="0" value="0" change="0"/>      <!-- red   value of first light box -->
      <setvalue index="1" value="0" change="0"/>      <!-- green value of first light box -->
      <setvalue index="2" value="0" change="0"/>      <!-- blue  value of first light box -->
    </timeblock>
    <timeblock mseconds="60">
      <setvalue index="0" value="255" change="0"/>      <!-- red   value of first light box -->
      <setvalue index="1" value="255" change="0"/>      <!-- green value of first light box -->
      <setvalue index="2" value="255" change="0"/>      <!-- blue  value of first light box -->
    </timeblock>
    <timeblock mseconds="60">
      <setvalue index="0" value="0" change="0"/>      <!-- red   value of first light box -->
      <setvalue index="1" value="0" change="0"/>      <!-- green value of first light box -->
      <setvalue index="2" value="0" change="0"/>      <!-- blue  value of first light box -->
    </timeblock>
  </event>

</DMX_CONTROL>
