﻿<!-- vessel_data is the big wrapper for all the vessel objects -->
<vessel_data version="1.66">

  <hullRace ID="0" name="TSN" keys="player">
    <taunt immunity="uncultured" text="Hey donkey breath! Make like Romeo and kill thyself!"/>
    <taunt immunity="disrespectful" text="Your sister is so ugly she taught the Horsehead Nebula to whinny!"/>
    <taunt immunity="humble" text="You call that a ship? It should be hauled away AS garbage!"/>
  </hullRace>
  <hullRace ID="1" name="TSN" keys="friendly">
    <taunt immunity="uncultured" text="Hey donkey breath! Make like Romeo and kill thyself!"/>
    <taunt immunity="disrespectful" text="Your sister is so ugly she taught the Horsehead Nebula to whinny!"/>
    <taunt immunity="humble" text="You call that a ship? It should be hauled away AS garbage!"/>
  </hullRace>
  <hullRace ID="2" name="Kralien" keys="enemy standard">
    <taunt immunity="heretical" text="Hey wormface! Can I borrow your Holy Book of Amborax? I need a good laugh!"/>
    <taunt immunity="humble" text="Hey maser-mouth! The deadliest weapon on that pathetic excuse for a ship is your face!"/>
    <taunt immunity="cowardly" text="Go home to your mommy, you cowering sewer slug!"/>
  </hullRace>
  <hullRace ID="3" name="Arvonian" keys="enemy support whalelover">
    <taunt immunity="filthy" text="King Deevan is a fetid puddle of Skaraan urine!"/>
    <taunt immunity="disrespectful" text="Queen Marah looks like a hideous pustule and smells like a flatulent Space Whale!"/>
    <taunt immunity="tawdry" text="That’s a nice looking ship, Arvonian. Princess Lephanna must be working the streets again!"/>
  </hullRace>
  <hullRace ID="4" name="Torgoth" keys="enemy support whalehater">
    <taunt immunity="filthy" text="Do us all a favor and take a bath, you fungus-infested pachyderm!"/>
    <taunt immunity="short" text="Hey Jumbo! My warhead is bigger than yours!"/>
    <taunt immunity="callous" text="Hey Jumbo! Your mother is a Space Whale!"/>
  </hullRace>
  <hullRace ID="5" name="Skaraan" keys="enemy loner elite">
    <taunt immunity="filthy" text="Glad you came, Skaraan scum. That creaky rust bucket guarantees victory for Earth!"/>
    <taunt immunity="uncultured" text="Hey barbarian brains! Your ship is so ugly my eyeballs burn just looking at it!"/>
    <taunt immunity="slothful" text="Your ship is so slow it leaves a slime trail!"/>
  </hullRace>



    <!-- vessel is the definition for a single type of vessel -->
  <vessel    uniqueID="0"    side="0"       classname="Light Cruiser" broadType="player">
    <art     meshfile="dat/artemis.dxs"    diffuseFile="dat/artemis_diffuse.png"    
             glowFile="dat/artemis_illum.png"    specularFile="dat/artemis_specular.png" scale="0.2" pushRadius="150"/>
    <internal_data file="dat/artemis.snt" />
    <shields front="80" back="80" />
    <performance turnrate="0.004" topspeed="0.6" efficiency="1.0" />
    <beam_port x="-102.14" y="8.35" z="258.74" damage="12" arcwidth="0.4" cycletime="6.0" range="1000"/>
    <beam_port x=" 102.14" y="8.35" z="258.74" damage="12" arcwidth="0.4" cycletime="6.0" range="1000"/>
    <torpedo_tube x="0" y="8.35" z="258.74"/>
    <torpedo_tube x="0" y="8.35" z="258.74"/>
    <torpedo_storage type="0" amount="8" />  <!-- Type 1 Homing"-->
    <torpedo_storage type="1" amount="2" />  <!-- Type 4 LR Nuke-->
    <torpedo_storage type="2" amount="6" />  <!-- Type 6 Mine"-->
    <torpedo_storage type="3" amount="4" />  <!-- Type 9 ECM"-->
    <engine_port x=" 82.93" y="5" z="-240.89" />
    <engine_port x="-82.93" y="5" z="-240.89" />
    <engine_port x="0" y="-9.22" z="-300" />
    <engine_port x="0" y="29.64" z="-300" />
    <long_desc text="TSN Cruiser^Standard long patrol vessel of the TSN.^2 forward beams^2 Torpedo tubes^Stores for 2 nukes, 8 homing, 6 mines, 4 ECM." />
  </vessel>

  <vessel    uniqueID="1"    side="0"       classname="Scout" broadType="player">
    <art     meshfile="dat/artemis-scout.dxs"    diffuseFile="dat/artemis_diffuse.png"
             glowFile="dat/artemis_illum.png"    specularFile="dat/artemis_specular.png" scale="0.2" pushRadius="150"/>
    <internal_data file="dat/artemis-scout.snt" />
    <shields front="60" back="60" />
    <performance turnrate="0.006" topspeed="0.8"  efficiency="1.3" />
    <beam_port x="0" y="17.8" z="289.0" damage="12" arcwidth="0.4" cycletime="6.0" range="1000"/>
    <torpedo_tube x="0" y="8.35" z="258.74"/>
    <torpedo_storage type="0" amount="6" />   <!-- Type 1 Homing"-->
    <torpedo_storage type="1" amount="0" />   <!-- Type 4 LR Nuke-->
    <torpedo_storage type="2" amount="2" />   <!-- Type 6 Mine"-->
    <torpedo_storage type="3" amount="2" />   <!-- Type 9 ECM"-->
    <engine_port x="0" y="-9.22" z="-300" />
    <engine_port x="0" y="29.64" z="-300" />
    <long_desc text="TSN Scout^Long range scout vessel of the TSN.^1 forward beam^1 Torpedo tube^Stores for 6 homing, 2 mines, 2 ECM." />
  </vessel>

  <vessel    uniqueID="2"    side="0"       classname="Battleship" broadType="player">
    <art     meshfile="dat/artemis-3.dxs"    diffuseFile="dat/artemis_diffuse.png"
             glowFile="dat/artemis_illum.png"    specularFile="dat/artemis_specular.png" scale="0.2"/>
    <internal_data file="dat/artemis-3.snt" />
    <shields front="250" back="150" />
    <performance turnrate="0.004" topspeed="0.6"  efficiency="0.9" />
    <beam_port x="-124.175636" y="20.132629" z="239.393555" damage="12" arcwidth="0.4" cycletime="6.0" range="1000"/>
    <beam_port x=" 124.175636" y="20.132629" z="239.393555" damage="12" arcwidth="0.4" cycletime="6.0" range="1000"/>
    <beam_port x="-41.764229" y="20.665134" z="282.250519" damage="12" arcwidth="0.4" cycletime="6.0" range="1000"/>
    <beam_port x=" 41.764229" y="20.665134" z="282.250519" damage="12" arcwidth="0.4" cycletime="6.0" range="1000"/>
    <torpedo_tube x="0" y="8.35" z="258.74"/>
    <torpedo_tube x="0" y="8.35" z="258.74"/>
    <torpedo_storage type="0" amount="8" />    <!-- Type 1 Homing"-->
    <torpedo_storage type="1" amount="2" />    <!-- Type 4 LR Nuke-->
    <torpedo_storage type="2" amount="6" />    <!-- Type 6 Mine"-->
    <torpedo_storage type="3" amount="4" />    <!-- Type 9 ECM"-->
    <engine_port x="0" y="-9.22" z="-300" />
    <engine_port x="0" y="29.64" z="-300" />
    <engine_port x="-111.755783" y="-44.202168" z="-242.740082" />
    <engine_port x="111.755783" y="-44.202168" z="-242.740082" />
    <engine_port x="0" y="97.875313" z="-181.449524" />
    <long_desc text="TSN Battleship^Beam-heavy combat vessel of the TSN.^4 forward beams^2 Torpedo tubes^Stores for 2 nukes, 8 homing, 6 mines, 4 ECM." />
  </vessel>

  <vessel    uniqueID="3"    side="0"       classname="Missile Cruiser" broadType="player">
    <art     meshfile="dat/artemis-4.dxs"    diffuseFile="dat/artemis_diffuse.png"
             glowFile="dat/artemis_illum.png"    specularFile="dat/artemis_specular.png" scale="0.2" pushRadius="150"/>
    <internal_data file="dat/artemis-4.snt" />
    <shields front="110" back="80" />
    <performance turnrate="0.004" topspeed="0.6"  efficiency="1.0" />
    <torpedo_tube x="0" y="8.35" z="258.74"/>
    <torpedo_tube x="0" y="8.35" z="258.74"/>
    <torpedo_tube x="0" y="8.35" z="258.74"/>
    <torpedo_tube x="0" y="8.35" z="258.74"/>
    <torpedo_storage type="0" amount="20" />    <!-- Type 1 Homing"-->
    <torpedo_storage type="1" amount="8" />    <!-- Type 4 LR Nuke-->
    <torpedo_storage type="2" amount="14" />    <!-- Type 6 Mine"-->
    <torpedo_storage type="3" amount="12" />    <!-- Type 9 ECM"-->
    <engine_port x=" 82.93" y="5" z="-240.89" />
    <engine_port x="-82.93" y="5" z="-240.89" />
    <engine_port x="0" y="-9.22" z="-300" />
    <engine_port x="0" y="29.64" z="-300" />
    <engine_port x="0" y="99.1" z="-176.5" />
    <engine_port x="0" y="-81.0" z="-173.7" />
    <long_desc text="TSN Missile Cruiser^Specialized vessel of the TSN.^4 Torpedo tubes^Stores for 8 nukes, 20 homing, 14 mines, and 12 ECM." />
  </vessel>

  <vessel    uniqueID="4"    side="0"       classname="Dreadnought" broadType="player">
    <art     meshfile="dat/artemis-5.dxs"    diffuseFile="dat/artemis_diffuse.png"
             glowFile="dat/artemis_illum.png"    specularFile="dat/artemis_specular.png" scale="0.25" pushRadius="150"/>
    <internal_data file="dat/artemis-5.snt" />
    <shields front="200" back="200" />
    <performance turnrate="0.003" topspeed="0.5"  efficiency="0.8" />
    <beam_port x="0" y="-6.1" z="278.9" damage="20" arcwidth="0.2" cycletime="6.0" range="2000"/>
    <beam_port x="99.4" y="8.3" z="165.2" damage="12" arcwidth="0.4" cycletime="6.0" range="1000"/>
    <beam_port x="-99.4" y="8.3" z="165.2" damage="12" arcwidth="0.4" cycletime="6.0" range="1000"/>
    <beam_port x="0" y="56.4" z="-295.6" damage="12" arcwidth="0.4" cycletime="6.0" range="1000"/>
    <torpedo_tube x="0" y="8.35" z="258.74"/>
    <torpedo_tube x="0" y="8.35" z="258.74"/>
    <torpedo_tube x="0" y="8.35" z="258.74"/>
    <torpedo_storage type="0" amount="10" />    <!-- Type 1 Homing"-->
    <torpedo_storage type="1" amount="4" />    <!-- Type 4 LR Nuke-->
    <torpedo_storage type="2" amount="8" />    <!-- Type 6 Mine"-->
    <torpedo_storage type="3" amount="5" />    <!-- Type 9 ECM"-->
    <engine_port x="0" y="-9.22" z="-300" />
    <engine_port x="0" y="29.64" z="-300" />
    <engine_port x="-81.6" y="5.1" z="-235.4" />
    <engine_port x="81.6" y="5.1" z="-235.4" />
    <engine_port x="-153.0" y="10.9" z="-187.4" />
    <engine_port x="153.0" y="10.9" z="-187.4" />
    <long_desc text="TSN Dreadnought^Ultimate wartime vessel of the TSN.^3 primary beams^1 main beam cannon^3 Torpedo tubes^Stores for 4 nukes, 10 homing, 8 mines, and 5 ECM." />
  </vessel>



  <vessel    uniqueID="1000"    side="1"       classname="Base" broadType="base">
    <!-- the player's base -->
    <art     meshfile="dat/stationTower.dxs"    diffuseFile="dat/stationA_tower_diffuse.png"
             glowFile="dat/stationA_tower_illum.png"    specularFile="dat/stationA_tower_specular.png" scale="0.3" pushRadius="250"/>
    <art     meshfile="dat/stationPipes.dxs"    diffuseFile="dat/stationA_pipes_diffuse.png" specularFile="dat/stationA_pipes_specular.png" />
    <art     meshfile="dat/stationWings.dxs"    diffuseFile="dat/stationA_wings_diffuse.png"
             glowFile="dat/stationA_wings_illum.png"    specularFile="dat/stationA_wings_specular.png" />
    <shields front="400" back="0" />    <!-- the base has only one shield facing, the "front" -->
    <long_desc text="TSN Starbase.  unarmed, but with a strong shield system.  They will still need help if attacked." />
  </vessel>



  <!-- ****************************** CIVILIAN VESSELS **************************************** -->

  <vessel    uniqueID="1500"    side="1"       classname="Transport" broadType="transport">
    <!-- civvie sloop -->
    <art     meshfile="dat/transport-vessel.dxs"    diffuseFile="dat/transport_vessel_color.png"
             glowFile="dat/transport_vessel_glow.png"    specularFile="dat/transport_vessel_spec.png" scale="0.2" pushRadius="150"/>
    <shields front="40" back="40" />
    <performance turnrate="0.002" topspeed="0.3" />
    <fleet_ai commonality="100" />
    <engine_port x="-57.877796" y="0.839157" z="-284.658264" />
    <engine_port x="-136.553009" y="0.466896" z="-261.411255" />
    <engine_port x="-213.412323" y="1.201706" z="-239.373917" />
    <engine_port x="57.877796" y="0.839157" z="-284.658264" />
    <engine_port x="136.553009" y="0.466896" z="-261.411255" />
    <engine_port x="213.412323" y="1.201706" z="-239.373917" />
    <long_desc text="Unarmed transport.  This ship might hail you, but can't help you do battle." />
  </vessel>

  <vessel    uniqueID="1501"    side="1"       classname="Destroyer" broadType="small">
    <!-- TSN Destroyer -->
    <art     meshfile="dat/civilian2.dxs"    diffuseFile="dat/civilian2_diffuse.png"
             glowFile="dat/artemis_illum.png"    specularFile="dat/artemis_specular.png" scale="0.2" pushRadius="150"/>
    <shields front="80" back="80" />
    <performance turnrate="0.002" topspeed="0.7" />
    <fleet_ai commonality="100" />
    <engine_port x="0" y="29.64" z="-200" />
    <beam_port x="-102.14" y="8.35" z="258.74" damage="7" arcwidth="0.4" cycletime="6.0" range="1000"/>
    <beam_port x=" 102.14" y="8.35" z="258.74" damage="7" arcwidth="0.4" cycletime="6.0" range="1000"/>
    <long_desc text="Scrappy little ship with forward beams.  A useful ally." />
  </vessel>

  <vessel    uniqueID="1502"    side="1"       classname="Science Vessel" broadType="science">
    <!-- TSN Science -->
    <art     meshfile="dat/science-vessel.dxs"    diffuseFile="dat/Science_Vessel_color.png"
             glowFile="dat/Science_Vessel_glow.png"    specularFile="dat/Science_Vessel_spec.png" scale="0.32" pushRadius="150"/>
    <shields front="30" back="30" />
    <performance turnrate="0.002" topspeed="0.7" />
    <fleet_ai commonality="100" />
    <engine_port x="-51" y="-3.155422" z="26.135927" />
    <engine_port x=" 51" y="-3.155422" z="26.135927" />
    <long_desc text="An unarmed science vessel, all alone in the void." />
  </vessel>

  <vessel    uniqueID="1503"    side="1"       classname="Bulk Cargo" broadType="cargo">
    <!-- TSN Bulk Cargo -->
    <art     meshfile="dat/cargo_vessel.dxs"    diffuseFile="dat/cargo_vessel_color.png"
             glowFile="dat/cargo_vessel_glow.png"    specularFile="dat/cargo_vessel_spec.png" scale="0.4" pushRadius="150"/>
    <shields front="30" back="30" />
    <performance turnrate="0.002" topspeed="0.7" />
    <fleet_ai commonality="100" />
    <engine_port x="-36.569798" y="1.519395" z="-261.916901" />
    <engine_port x="-63.478695" y="1.709533" z="-240.778183" />
    <engine_port x="-91.280312" y="2.732927" z="-226.381104" />
    <engine_port x="-91.280312" y="2.732927" z="-226.381104"/>
    <engine_port x="36.569798" y="1.519395" z="-261.916901" />
    <engine_port x="63.478695" y="1.709533" z="-240.778183" />
    <engine_port x="91.280312" y="2.732927" z="-226.381104" />
    <engine_port x="91.280312" y="2.732927" z="-226.381104"/>
    <long_desc text="An unarmed bulk frieghter, slowly moving cheap cargo between the stars." />
  </vessel>

  <vessel    uniqueID="1504"    side="1"       classname="Luxury Liner" broadType="luxury">
    <!-- TSN Luxury Liner -->
    <art     meshfile="dat/luxury-vessel.dxs"    diffuseFile="dat/leisure_vessel_color.png"
             glowFile="dat/leisure_vessel_glow.png"    specularFile="dat/leisure_vessel_spec.png" scale="0.3" pushRadius="150"/>
    <shields front="30" back="30" />
    <performance turnrate="0.002" topspeed="0.3" />
    <fleet_ai commonality="100" />
    <engine_port x="0.077280" y="11.006388" z="-252.707397" />
    <engine_port x="0.197185" y="31.179333" z="-265.912628" />
    <engine_port x="-14.653028" y="-57.441185" z="-13.352610" />
    <engine_port x="-38.461231" y="-39.984001" z="-13.113809" />
    <engine_port x="14.653028" y="-57.441185" z="-13.352610" />
    <engine_port x="38.461231" y="-39.984001" z="-13.113809" />
    <long_desc text="An unarmed travelling playground of the rich and powerful." />
  </vessel>



  <!-- ****************************** KRALIEN VESSELS **************************************** -->

  <vessel    uniqueID="2000"    side="2"       classname="Cruiser" broadType="small">
    <art     meshfile="dat/ENE_RoundA.dxs"    diffuseFile="dat/roundA_diffuse.png"
             glowFile="dat/roundA_illum.png"    specularFile="dat/roundA_specular.png" scale="0.2" pushRadius="150"/>
    <shields front="40" back="40" />
    <performance turnrate="0.002" topspeed="0.3" />
    <fleet_ai commonality="100" />
    <beam_port x=" 84" y="-3" z="286" damage="1.0" arcwidth="0.3" cycletime="6.0" range="1000"/>
    <beam_port x="-84" y="-3" z="286" damage="1.0" arcwidth="0.3" cycletime="6.0" range="1000"/>
    <engine_port x="-72.43" y="27.65" z="-260" />
    <engine_port x=" 72.43" y="27.65" z="-260" />
    <engine_port x="-76.22" y="-18.78" z="-250" />
    <engine_port x=" 76.22" y="-18.78" z="-250" />
    <impulse_point x="104.414703" y="42.085434" z="-166.859009" />
    <impulse_point x="-104.414703" y="42.085434" z="-166.859009" />
    <maneuver_point x="173.576767" y="-0.981873" z="158.842682" />
    <maneuver_point x="-173.576767" y="-0.981873" z="158.842682" />
    <long_desc text="The front-line ship of the Kralien forces.  They crawl from the woodwork like bugs." />
  </vessel>



  <vessel    uniqueID="2001"    side="2"       classname="Battleship" broadType="medium">
    <art     meshfile="dat/ENE_RoundB.dxs"    diffuseFile="dat/roundB_diffuse.png"
             glowFile="dat/roundB_selfIllum.png"    specularFile="dat/roundB_specular.png" scale="0.25" pushRadius="150"/>
    <shields front="80" back="80" />
    <performance turnrate="0.002" topspeed="0.3" />
    <fleet_ai commonality="50" />
    <beam_port x=" 78" y="-15" z="163" damage="1.0" arcwidth="0.3" cycletime="6.0" range="1000"/>
    <beam_port x="-78" y="-15" z="163" damage="1.0" arcwidth="0.3" cycletime="6.0" range="1000"/>
    <engine_port x=" 70.35" y="8.7" z="-240" />
    <engine_port x="-70.35" y="8.7" z="-240" />
    <impulse_point x="-96.062263" y="-10.102722" z="-77.436584" />
    <impulse_point x="96.062263" y="-10.102722" z="-77.436584" />
    <maneuver_point x="-3.419852" y="-48.397114" z="82.551994" />
    <long_desc text="The ship of a devout priest.  More dangerous and more fanatical." />
  </vessel>



  <vessel    uniqueID="2002"    side="2"       classname="Dreadnought" broadType="large">
    <art     meshfile="dat/ENE_RoundC.dxs"    diffuseFile="dat/RoundC_Diffuse.png"
             glowFile="dat/roundC_illum.png"    specularFile="dat/roundC_specular.png" scale="0.3" pushRadius="150"/>
    <shields front="120" back="120" />
    <performance turnrate="0.002" topspeed="0.3" />
    <fleet_ai commonality="25" />
    <beam_port x="-116" y="-20" z="94" damage="1.0" arcwidth="0.3" cycletime="6.0" range="1000"/>
    <beam_port x=" 116" y="-20" z="94" damage="1.0" arcwidth="0.3" cycletime="6.0" range="1000"/>
    <beam_port x="0" y="-6.5" z="-173" damage="1.0" arcwidth="0.3" cycletime="6.0" range="1400"/>
    <engine_port x=" 35.77" y="-7.76" z="-200" />
    <engine_port x="-35.77" y="-7.76" z="-200" />
    <engine_port x="115" y="-20.27" z="-80" />
    <engine_port x="-115" y="-20.27" z="-80" />
    <impulse_point x="-57.151264" y="-7.934345" z="-119.779823" />
    <impulse_point x="57.151264" y="-7.934345" z="-119.779823" />
    <maneuver_point x="-61.429497" y="-19.089073" z="170.379669" />
    <maneuver_point x="61.429497" y="-19.089073" z="170.379669" />
    <long_desc text="Kralien flagship, captained by a Cardinal.  The most dangerous ship the Kraliens have." />
  </vessel>



  <!-- ****************************** ArVonian VESSELS **************************************** -->

  <vessel    uniqueID="3000"    side="3"       classname="Fighter" broadType="fighter">
    <art     meshfile="dat/ENE_Matt3A.dxs"    diffuseFile="dat/ship4A_diffuse.png"
             glowFile="dat/ship4A_glow.png"    specularFile="dat/ship4A_specular.png" scale="0.05" pushRadius="80"/>
    <shields front="15" back="15" />
    <performance turnrate="0.01" topspeed="1.2" />
    <fleet_ai commonality="100" />
    <beam_port x=" 111" y="-1" z="217" damage="0.5" arcwidth="0.3" cycletime="5.0" range="800"/>
    <beam_port x="-111" y="-1" z="217" damage="0.5" arcwidth="0.3" cycletime="5.0" range="800"/>
    <engine_port x="0" y="0" z="-230" />
    <engine_port x="92" y="-7" z="-240" />
    <engine_port x="-92" y="-7" z="-240" />
    <impulse_point x="-124" y="-6" z="-248" />
    <impulse_point x=" 124" y="-6" z="-248" />
    <maneuver_point x="-177" y="-6" z="-132" />
    <maneuver_point x=" 177" y="-6" z="-132" />
    <long_desc text="Small, fast, and very dangerous in groups, but also quite fragile." />
  </vessel>



  <vessel    uniqueID="3001"    side="3"       classname="Light Carrier" broadType="carrier">
    <art     meshfile="dat/ENE_Matt3B.dxs"    diffuseFile="dat/ship4B_diffuse.png"
             glowFile="dat/ship4B_glow.png"    specularFile="dat/ship4B_specular.png" scale="0.2" pushRadius="200"/>
    <shields front="120" back="120" />
    <performance turnrate="0.003" topspeed="0.3" />
    <carrier complement="4" />
    <fleet_ai commonality="50" />
    <beam_port x=" 116" y="-7" z="246" damage="1.0" arcwidth="0.3" cycletime="6.0" range="1200"/>
    <beam_port x="-116" y="-7" z="246" damage="1.0" arcwidth="0.3" cycletime="6.0" range="1200"/>
    <beam_port x=" 165" y="-35" z="-128" damage="1.0" arcwidth="0.3" cycletime="6.0" range="1200"/>
    <beam_port x="-165" y="-35" z="-128" damage="1.0" arcwidth="0.3" cycletime="6.0" range="1200"/>
    <engine_port x=" 136" y="-18" z="-284" />
    <engine_port x="-136" y="-18" z="-284" />
    <engine_port x=" 23" y="5" z="-165" />
    <engine_port x="-23" y="5" z="-165" />
    <impulse_point x=" 168" y="-27" z="-76" />
    <impulse_point x="-168" y="-27" z="-76" />
    <maneuver_point x=" 162" y="-26" z="79" />
    <maneuver_point x="-162" y="-26" z="79" />
    <long_desc text="The smaller of the Arvonian carriers, it carries four fighters and plenty of beams." />
  </vessel>



  <vessel    uniqueID="3002"    side="3"       classname="Carrier" broadType="carrier">
    <art     meshfile="dat/ENE_Matt3C.dxs"    diffuseFile="dat/ship4C_diffuse.png"
             glowFile="dat/ship4C_glow.png"    specularFile="dat/ship4C_specular.png"  scale="0.3" pushRadius="200"/>
    <shields front="200" back="200" />
    <performance turnrate="0.003" topspeed="0.3" />
    <carrier complement="6" />
    <fleet_ai commonality="25" />
    <beam_port x=" 125" y="-17" z="139" damage="1.0" arcwidth="0.3" cycletime="6.0" range="1400"/>
    <beam_port x="-125" y="-17" z="139" damage="1.0" arcwidth="0.3" cycletime="6.0" range="1400"/>
    <beam_port x=" 125" y="-18" z="6" damage="1.0" arcwidth="0.3" cycletime="6.0" range="1400"/>
    <beam_port x="-125" y="-18" z="6" damage="1.0" arcwidth="0.3" cycletime="6.0" range="1400"/>
    <beam_port x=" 117" y="-7" z="-89" damage="1.0" arcwidth="0.3" cycletime="6.0" range="1400"/>
    <beam_port x="-117" y="-7" z="-89" damage="1.0" arcwidth="0.3" cycletime="6.0" range="1400"/>
    <engine_port x="0" y="-1" z="-185" />
    <engine_port x=" 97" y="-22" z="-257" />
    <engine_port x="-97" y="-22" z="-257" />
    <impulse_point x=" 82" y="9" z="149" />
    <impulse_point x="-82" y="9" z="149" />
    <maneuver_point x=" 140" y="-22" z="-166" />
    <maneuver_point x="-140" y="-22" z="-166" />
    <long_desc text="Largest carrier, with six fighters and a formidable beam array." />
  </vessel>



  <!-- ****************************** Torgoth VESSELS **************************************** -->

  <vessel    uniqueID="4000"    side="4"       classname="Goliath" broadType="small">
    <art     meshfile="dat/ENE_LeeA.dxs"    diffuseFile="dat/ship1_color_1024.png"
             glowFile="dat/ship1_glow_1024.png"    specularFile="dat/ship1_spec_1024.png" scale="0.3" pushRadius="150"/>
    <shields front="350" back="350" />
    <performance turnrate="0.002" topspeed="0.3" />
    <fleet_ai commonality="100" />
    <beam_port x="-130" y="-6" z="-13" damage="1.0" arcwidth="0.3" cycletime="6.0" range="1200"/>
    <beam_port x=" 130" y="-6" z="-13" damage="1.0" arcwidth="0.3" cycletime="6.0" range="1200"/>
    <beam_port x="-128" y="-6" z=" 69" damage="1.0" arcwidth="0.3" cycletime="6.0" range="1200"/>
    <beam_port x=" 128" y="-6" z=" 69" damage="1.0" arcwidth="0.3" cycletime="6.0" range="1200"/>
    <beam_port x=" -81" y="-6" z="244" damage="1.0" arcwidth="0.3" cycletime="6.0" range="1200"/>
    <beam_port x="  81" y="-6" z="244" damage="1.0" arcwidth="0.3" cycletime="6.0" range="1200"/>
    <drone_port x="0" y="-10" z="0" damage="30.0" cycletime="30.0" range="5000"/>
    <engine_port x="-107" y="36" z="-328" />
    <engine_port x=" 107" y="36" z="-328" />
    <engine_port x="-134" y="-14" z="-328" />
    <engine_port x=" 134" y="-14" z="-328" />
    <impulse_point x="-111" y="10" z="-151" />
    <impulse_point x=" 111" y="10" z="-151" />
    <maneuver_point x="-117" y="8" z="12" />
    <maneuver_point x=" 117" y="8" z="12" />
    <long_desc text="This 'small' Torgoth ship is still huge by terran standards, and has many overlapping beams." />
  </vessel>



  <vessel    uniqueID="4001"    side="4"       classname="Leviathan" broadType="medium">
    <art     meshfile="dat/ENE_LeeB.dxs"    diffuseFile="dat/ship2_color_1024.png"
             glowFile="dat/ship2_glow_1024.png"    specularFile="dat/ship2_spec_1024.png" scale="0.35" pushRadius="200"/>
    <shields front="400" back="400" />
    <performance turnrate="0.002" topspeed="0.3" />
    <fleet_ai commonality="50" />
    <beam_port x=" 98" y="-12" z="270" damage="1.0" arcwidth="0.3" cycletime="6.0" range="1100"/>
    <beam_port x="-98" y="-12" z="270" damage="1.0" arcwidth="0.3" cycletime="6.0" range="1100"/>
    <beam_port x="0" y="-11" z="367" damage="2.0" arcwidth="0.2" cycletime="6.0" range="2000"/>
    <beam_port x=" 59" y="40" z="-30" damage="1.0" arcwidth="0.3" cycletime="6.0" range="1100"/>
    <beam_port x="-59" y="40" z="-30" damage="1.0" arcwidth="0.3" cycletime="6.0" range="1100"/>
    <drone_port x="0" y="-10" z="0" damage="30.0" cycletime="30.0" range="5000"/>
    <engine_port x=" 125" y="18" z="-178" />
    <engine_port x="-125" y="18" z="-178" />
    <engine_port x=" 166" y="-11" z="-369" />
    <engine_port x="-166" y="-11" z="-369" />
    <impulse_point x="-136" y="18" z="84" />
    <impulse_point x=" 136" y="18" z="84" />
    <maneuver_point x="-176" y="-10" z="-97" />
    <maneuver_point x=" 176" y="-10" z="-97" />
    <long_desc text="Front-line Torgoth ship, with many beams and patriotic soldiers aboard." />
  </vessel>



  <vessel    uniqueID="4002"    side="4"       classname="Behemoth" broadType="large">
    <art     meshfile="dat/ENE_LeeC.dxs"    diffuseFile="dat/ship3_color_1024.png"
             glowFile="dat/ship3_glow_1024.png"    specularFile="dat/ship3_spec_1024.png"  scale="0.4" pushRadius="250"/>
    <shields front="600" back="600" />
    <performance turnrate="0.002" topspeed="0.3" />
    <fleet_ai commonality="25" />
    <beam_port x="-124" y="0" z="   8" damage="1.0" arcwidth="0.3" cycletime="4.0" range="1000"/>
    <beam_port x=" 124" y="0" z="   8" damage="1.0" arcwidth="0.3" cycletime="4.0" range="1000"/>
    <beam_port x=" -98" y="0" z=" -57" damage="1.0" arcwidth="0.3" cycletime="4.0" range="1000"/>
    <beam_port x="  98" y="0" z=" -57" damage="1.0" arcwidth="0.3" cycletime="4.0" range="1000"/>
    <beam_port x=" -80" y="0" z="-167" damage="1.0" arcwidth="0.3" cycletime="4.0" range="1000"/>
    <beam_port x="  80" y="0" z="-167" damage="1.0" arcwidth="0.3" cycletime="4.0" range="1000"/>
    <beam_port x="-128" y="0" z=" 144" damage="1.0" arcwidth="0.3" cycletime="4.0" range="1000"/>
    <beam_port x=" 128" y="0" z=" 144" damage="1.0" arcwidth="0.3" cycletime="4.0" range="1000"/>
    <beam_port x=" -96" y="0" z=" 288" damage="1.0" arcwidth="0.3" cycletime="4.0" range="1000"/>
    <beam_port x="  96" y="0" z=" 288" damage="1.0" arcwidth="0.3" cycletime="4.0" range="1000"/>
    <drone_port x="0" y="-10" z="0" damage="30.0" cycletime="30.0" range="5000"/>
    <engine_port x=" 66" y="22" z="-383" />
    <engine_port x="-66" y="22" z="-383" />
    <engine_port x=" 54" y="41" z="-370" />
    <engine_port x="-54" y="41" z="-370" />
    <impulse_point x=" 76" y="39" z="-319" />
    <impulse_point x="-76" y="39" z="-319" />
    <maneuver_point x=" 98" y="31" z="162" />
    <maneuver_point x="-98" y="31" z="162" />
    <long_desc text="The largest ship the Torgoth have, with supreme shields and a vast array of beams." />
  </vessel>


  <!-- ****************************** Skaraan VESSELS **************************************** -->


  <vessel    uniqueID="5000"    side="5"       classname="Defiler" broadType="small">
    <art     meshfile="dat/ENE_EliteC.dxs"    diffuseFile="dat/ship1C_diffuse.png"
             glowFile="dat/ship1C_illum.png"    specularFile="dat/ship1C_specular.png" scale="0.25" pushRadius="150"/>
    <shields front="250" back="100" />
    <performance turnrate="0.004" topspeed="0.8" />
    <fleet_ai commonality="25" />
    <beam_port x="-35" y="12" z="223" damage="1.0" arcwidth="0.3" cycletime="6.0" range="1200"/>
    <beam_port x=" 35" y="12" z="223" damage="1.0" arcwidth="0.3" cycletime="6.0" range="1200"/>
    <engine_port x=" 22" y="3" z="-211" />
    <engine_port x="-22" y="3" z="-211" />
    <engine_port x=" 90" y="6" z="-83" />
    <engine_port x="-90" y="6" z="-83" />
    <impulse_point x="-121.355705" y="30.381374" z="-20.283379" />
    <impulse_point x="121.355705" y="30.381374" z="-20.283379" />
    <maneuver_point x="-52.359570" y="7.509293" z="98.323151" />
    <maneuver_point x="52.359570" y="7.509293" z="98.323151" />
    <long_desc text="Small. Unpredictable. Fast. Loner.  Like all Skaraan ships." />
  </vessel>

  <vessel    uniqueID="5001"    side="5"       classname="Enforcer" broadType="medium">
    <art     meshfile="dat/ENE_EliteA.dxs"    diffuseFile="dat/ship1A_diffuse.png"
             glowFile="dat/ship1A_illum.png"    specularFile="dat/ship1A_specular.png" scale="0.25" pushRadius="150"/>
    <shields front="300" back="150" />
    <performance turnrate="0.004" topspeed="0.8" />
    <fleet_ai commonality="100" />
    <beam_port x=" -155" y="-11" z="-111" damage="1.0" arcwidth="0.3" cycletime="6.0" range="1000"/>
    <beam_port x="  155" y="-11" z="-111" damage="1.0" arcwidth="0.3" cycletime="6.0" range="1000"/>
    <beam_port x=" -67" y="-18" z="217" damage="1.0" arcwidth="0.3" cycletime="6.0" range="1000"/>
    <beam_port x="  67" y="-18" z="217" damage="1.0" arcwidth="0.3" cycletime="6.0" range="1000"/>
    <engine_port x="112" y="-15" z="-230" />
    <engine_port x="-112" y="-15" z="-230" />
    <impulse_point x="-155.619507" y="-11.701264" z="-115.636658" />
    <impulse_point x="155.619507" y="-11.701264" z="-115.636658" />
    <maneuver_point x="-76.506653" y="-8.193658" z="35.771889" />
    <maneuver_point x="76.506653" y="-8.193658" z="35.771889" />
    <long_desc text="Unpredictable. Fast. Loner.  Like all Skaraan ships." />
  </vessel>



  <vessel    uniqueID="5002"    side="5"       classname="Executor" broadType="large">
    <art     meshfile="dat/ENE_EliteB.dxs"    diffuseFile="dat/ship1B_diffuse.png"
             glowFile="dat/ship1B_illum.png"    specularFile="dat/ship1B_specular.png" scale="0.25" pushRadius="150"/>
    <shields front="350" back="300" />
    <performance turnrate="0.004" topspeed="0.8" />
    <fleet_ai commonality="50" />
    <beam_port x="-94" y="34" z="310" damage="3.0" arcwidth="0.2" cycletime="6.0" range="2000"/>
    <beam_port x=" 94" y="34" z="310" damage="3.0" arcwidth="0.2" cycletime="6.0" range="2000"/>
    <beam_port x="0" y="0" z="-250" damage="3.0" arcwidth="0.4" cycletime="4.0" range="1400"/>
    <engine_port x=" 142.35" y="-2" z="-263" />
    <engine_port x="-142.35" y="-2" z="-263" />
    <impulse_point x="189.647034" y="-1.964812" z="-228.977081" />
    <impulse_point x="-189.647034" y="-1.964812" z="-228.977081" />
    <maneuver_point x="-33.807400" y="-30.912567" z="83.769875" />
    <maneuver_point x="33.807400" y="-30.912567" z="83.769875" />
    <long_desc text="Unpredictable. Fast. Loner. And the best ship the Skaraans have.  Very dangerous." />
  </vessel>




</vessel_data>
